<?xml version="1.0" encoding="UTF-8"?>
<!DOCTYPE mapper PUBLIC "-//mybatis.org//DTD Mapper 3.0//EN" "http://mybatis.org/dtd/mybatis-3-mapper.dtd">
<mapper namespace="kr.or.ddit.hr_admin.dao.ISelectBoxDAO">


	<select id="selectDeptList" resultType="hashMap">
		SELECT DEPT_CODE "dept_code", DEPT_NAME "dept_name"
		  FROM DEPARTMENT
	</select>

	<select id="selectTeamList" resultType="TeamVO" parameterType="String">
		SELECT TEAM_CODE, TEAM_NAME, DEPT_CODE
		  FROM TEAM
		<where>
			<if test="@org.apache.commons.lang3.StringUtils@isNotBlank(teamdept)">
				DEPT_CODE = #{teamdept}
			</if>
		</where>
	</select>















</mapper>