<?xml version="1.0" encoding="UTF-8"?>
<!DOCTYPE mapper PUBLIC "-//mybatis.org//DTD Mapper 3.0//EN" "http://mybatis.org/dtd/mybatis-3-mapper.dtd">
<mapper namespace="kr.or.ddit.hr_admin.dao.IAdminDepartDAO">


	<!-- 부서 테이블 리스트 -->
	<select id="selectDepmanageList" parameterType="kr.or.ddit.vo.PagingVO" resultType="kr.or.ddit.vo.DepartmentVO">
	SELECT
	DEPT_CODE,
	DEPT_NAME
	FROM DEPARTMENT 
	</select>
	
	<!-- 페이지 카운트 -->
	<select id="selectDepmanageCount" parameterType="kr.or.ddit.vo.PagingVO" resultType="int">
	SELECT COUNT(DEPT_CODE)
	FROM DEPARTMENT
	</select>

	<!-- 부서 리스트 조회 (페이징x) -->
	<select id="selectDeptList" resultType="kr.or.ddit.vo.DepartmentVO">
		SELECT * FROM DEPARTMENT
	</select>

	<!--부서 등록 -->
	<insert id="insertdept" parameterType="kr.or.ddit.vo.DepartmentVO">
	<selectKey keyProperty="dept_code" resultType="string" order="BEFORE">
	SELECT 'DE' || LPAD(NVL(TO_NUMBER(SUBSTR(MAX(DEPT_CODE), 3)), 0)+1, 3, '0') 
	FROM DEPARTMENT
	</selectKey>
	INSERT INTO DEPARTMENT(DEPT_CODE, DEPT_NAME) VALUES
	(
	#{dept_code,jdbcType=VARCHAR},#{dept_name,jdbcType=VARCHAR}
	)
	</insert>
	
	
	<!--부서 삭제 -->
	<delete id="deletedept" parameterType="string">
	DELETE FROM DEPARTMENT
	WHERE DEPT_CODE = #{dept_code}
	</delete>
	
	
	
	
	<!--부서 수정 -->
	<update id="updatedept" parameterType="kr.or.ddit.vo.DepartmentVO">
	UPDATE DEPARTMENT
	SET
	DEPT_CODE = #{dept_code,jdbcType=VARCHAR},
	DEPT_NAME = #{dept_name,jdbcType=VARCHAR}
	where DEPT_CODE = #{dept_code,jdbcType=VARCHAR}
	</update>

	

</mapper>