<?xml version="1.0" encoding="UTF-8"?>
<!DOCTYPE mapper PUBLIC "-//mybatis.org//DTD Mapper 3.0//EN" "http://mybatis.org/dtd/mybatis-3-mapper.dtd">
<mapper namespace="kr.or.ddit.hr_admin.dao.IImageAttatchDAO">

	<insert id="insertImage" parameterType="kr.or.ddit.vo.Image_AttatchVO">
	   <selectKey keyProperty="emp_attcode" resultType="String" order="BEFORE">
		SELECT 'IM' || LPAD(NVL(TO_NUMBER(SUBSTR(MAX(EMP_ATTCODE), 3)), 0)+1, 3, '0') 
		FROM IMAGE_ATTATCH
	   </selectKey>
	   INSERT INTO IMAGE_ATTATCH (
	   EMP_ATTCODE,EMP_CODE,IMG_CATAG,FILE_PATH,
       FILE_SIZE,ORG_NAME,SAVE_NAME,MIME,FANCY_SIZE
	   ) VALUES(
	   #{emp_attcode},#{emp_code},#{img_catag},
	   'D:\A_TeachingMaterial\7.LastProject\other\image',
	   #{file_size, jdbcType=NUMERIC}, #{org_name,jdbcType=VARCHAR},
	   #{save_name, jdbcType=VARCHAR}, #{mime, jdbcType=VARCHAR},
	   #{fancy_size, jdbcType=VARCHAR}
	   )
	</insert>

	<delete id="deleteImage" parameterType="kr.or.ddit.vo.Image_AttatchVO">
	DELETE FROM IMAGE_ATTATCH
	WHERE EMP_ATTCODE IN
	<foreach collection="deleteImage" item="delNo" open="(" separator="," close=")">
	#{delNo}
	</foreach>
	</delete>
	
	<select id="selectImage" resultType="kr.or.ddit.vo.Image_AttatchVO" parameterType="string">
	SELECT *
	FROM IMAGE_ATTATCH
	WHER EMP_ATTCODE = #{emp_attcode}
	</select>








</mapper>