<?xml version="1.0" encoding="UTF-8"?>
<!DOCTYPE mapper PUBLIC "-//mybatis.org//DTD Mapper 3.0//EN" "http://mybatis.org/dtd/mybatis-3-mapper.dtd">
<mapper namespace="kr.or.ddit.approval.dao.IPublicFormBoxDAO">
	<sql id = "searchFrag">
		<trim prefix="WHERE" prefixOverrides="AND">
			<if test="searchVO != null and @org.apache.commons.lang3.StringUtils@isNotBlank(searchVO.searchWord)">
				<choose>
					<when test="'form_code'.equals(searchVO.searchType)">
						AND A.FORM_CODE = #{searchVO.searchWord}
					</when>
					<when test="'fc_name'.equals(searchVO.searchType)">
						AND B.FC_NAME = #{searchVO.searchWord}
					</when>
					<when test="'form_name'.equals(searchVO.searchType)">
						AND A.FORM_NAME = #{searchVO.searchWord}
					</when>
				</choose>
			</if>
			<if test="detailSearch != null">
				<if test="@org.apache.commons.lang3.StringUtils@isNotBlank(detailSearch.fc_code)">
						AND A.FC_CODE = #{detailSearch.fc_code}
				</if>
			</if>
		</trim>
	</sql>

	<!-- 서식 등록 -->
	<insert id = "insertForm" parameterType="FormVO">
		<selectKey keyProperty="form_code" resultType="String" order="BEFORE">
			SELECT 'FO' || LPAD(NVL(TO_NUMBER(SUBSTR(MAX(FORM_CODE), 3)), 0)+1, 3, '0')
			FROM FORM
		</selectKey>
		INSERT INTO FORM (
    		FORM_CODE, FC_CODE, FORM_NAME, FORM_CONTENT
		) VALUES (
    		#{form_code}, #{fc_code}, #{form_name,jdbcType=VARCHAR}, #{form_content,jdbcType=CLOB}
		)
	</insert>
	
	<!-- 서식 수정 -->
	<update id="updateForm" parameterType="FormVO">
		UPDATE FORM
		SET
			FORM_CODE = #{form_code},
		    FC_CODE = #{fc_code},
		    FORM_NAME = #{form_name, jdbcType=VARCHAR},
		    FORM_CONTENT = #{form_content, jdbcType=CLOB}
		WHERE 
		    FORM_CODE = #{form_code}
	</update>
	
	<!-- 서식 삭제 -->
	<delete id="deleteForm" parameterType="FormVO">
		DELETE FROM FORM
		WHERE FORM_CODE = #{form_code}
	</delete>	

	<!-- 서식목록  -->
	<select id="selectFormCount" resultType="int" parameterType="PagingVO">
		SELECT COUNT(FORM_CODE)
		FROM FORM A INNER JOIN FORM_CATAG B ON(A.FC_CODE = B.FC_CODE)
		<include refid="searchFrag" />
	</select>

	<select id="selectFormList" resultType="FormVO" parameterType="PagingVO">
		SELECT D.*
		FROM (SELECT C.*, ROWNUM RNUM
				FROM (SELECT FORM_CODE, A.FC_CODE, FORM_NAME, B.FC_NAME
						FROM FORM A INNER JOIN FORM_CATAG B ON(A.FC_CODE = B.FC_CODE)
						<include refid="searchFrag" />
						ORDER by FORM_CODE ASC ) C ) D
		<if test="currentPage lt 0">
		WHERE D.RNUM BETWEEN #{startRow} AND #{endRow}
		</if>
	</select>
	
	<!-- 서식 상세보기 -->
	<select id="selectForm" parameterType="String" resultType="FormVO">
		SELECT FORM_CODE, FC_CODE, FORM_NAME, FORM_CONTENT
		FROM FORM 
		WHERE FORM_CODE = #{form_code}
	</select>
	

	<!-- 서식 카테고리 목록 -->
	<select id="selectFormCatagList" resultType="Form_CatagVO">
		SELECT *
		FROM FORM_CATAG
	</select>

</mapper>