<?xml version="1.0" encoding="UTF-8"?>
<!DOCTYPE mapper PUBLIC "-//mybatis.org//DTD Mapper 3.0//EN" "http://mybatis.org/dtd/mybatis-3-mapper.dtd">
<mapper namespace="kr.or.ddit.event.dao.IPushMessageDAO">
	<insert id="insertPushMessage" parameterType="PushMessageVO">
		<selectKey keyProperty="push_code" resultType="string" order="BEFORE">
			  SELECT 'PM'||LPAD(NVL(MAX(SUBSTR(PUSH_CODE,3)),0)+1,3,'0')
                FROM PUSHMESSAGE
		</selectKey>
		INSERT INTO PUSHMESSAGE
		(PUSH_CODE,TITLE,CONTENT,TYPE,RECEIVER)
		 VALUES(
		#{push_code},#{title},#{content},#{type},#{receiver}
		)
	</insert>
	<select id="selectMessagePush" parameterType="String" resultType="PushMessageVO">
		SELECT *
		FROM PUSHMESSAGE
		WHERE RECEIVER = #{emp_code}
		AND TYPE = 'message'
	</select>
	
	<select id="selectDraftPush" parameterType="String" resultType="PushMessageVO">
		SELECT *
		FROM PUSHMESSAGE
		WHERE RECEIVER = #{emp_code}
		AND TYPE = 'draft'
	</select>
	
	<select id="selectMessageCount" parameterType="String" resultType="int">
		SELECT count(*)
		FROM PUSHMESSAGE
		WHERE RECEIVER = #{emp_code}
		AND TYPE = 'message'
	</select>
	<select id="selectDraftCount" parameterType="String" resultType="int">
		SELECT count(*)
		FROM PUSHMESSAGE
		WHERE RECEIVER = #{emp_code}
		AND TYPE = 'draft'
	</select>
	
	<delete id="deleteAllDraft" parameterType="String">
	DELETE FROM PUSHMESSAGE
		WHERE TYPE = 'draft'
		AND RECEIVER = #{receiver}
	</delete>
	<delete id="deleteAllMessage" parameterType="String">
	DELETE FROM PUSHMESSAGE
		WHERE TYPE = 'message'
		AND RECEIVER = #{receiver}
	</delete>
	<delete id="deletePush" parameterType="PushMessageVO">
		DELETE FROM PUSHMESSAGE
		WHERE PUSH_CODE = #{push_code}
		AND RECEIVER = #{receiver}
	</delete>
	
	<select id="selectType" parameterType="PushMessageVO" resultType="String">
		SELECT TYPE
		FROM PUSHMESSAGE
		WHERE PUSH_CODE = #{push_code}
		AND RECEIVEr = #{receiver}
	</select>
</mapper>