<?xml version="1.0" encoding="UTF-8"?>
<!DOCTYPE mapper PUBLIC "-//mybatis.org//DTD Mapper 3.0//EN" "http://mybatis.org/dtd/mybatis-3-mapper.dtd">
<mapper namespace="kr.or.ddit.work.dao.IWorkAttatchDAO">
	
	<insert id="insertAttatchs" parameterType="WorkLog_AttatchVO">
		<selectKey keyProperty="wl_attcode" resultType="String" order="BEFORE">
			SELECT 'WA' || LPAD(NVL(TO_NUMBER(SUBSTR(MAX(WL_ATTCODE), 3)), 0)+1, 3, '0') 
			FROM WORKLOG_ATTATCH
		</selectKey>
			INSERT INTO worklog_attatch (
			    WL_ATTCODE, WL_CODE, FILE_PATH, FILE_SIZE, ORG_NAME, SAVE_NAME, MIME, FANCY_SIZE
			) VALUES (
				#{wl_attcode}, #{wl_code}, 'D:\A_TeachingMaterial\7.LastProject\other\attatch', #{file_size, jdbcType=NUMERIC}
				, #{org_name,jdbcType=VARCHAR}, #{save_name, jdbcType=VARCHAR}, #{mime, jdbcType=VARCHAR}
				, #{fancy_size, jdbcType=VARCHAR}
			)
	</insert>	
	
	<delete id="deleteAttatchs" parameterType="WorkLogVO">
		DELETE FROM WORKLOG_ATTATCH
		WHERE WL_ATTCODE IN
		<foreach collection="deleteAttatches" item="delNo" open="(" separator="," close=")">
			#{delNo}
		</foreach>
	</delete>
	
	<select id="selectAttatch" resultType="WorkLog_AttatchVO" parameterType="String">
		
		SELECT WL_ATTCODE, WL_CODE, FILE_PATH, FILE_SIZE, ORG_NAME, SAVE_NAME, MIME, FANCY_SIZE
		  FROM WORKLOG_ATTATCH
		 WHERE WL_ATTCODE = #{wl_attcode}
	</select>

	<insert id="re_insertAttatchs" parameterType="Report_AttVO">
		<selectKey keyProperty="report_attcode" resultType="String" order="BEFORE">
			SELECT 'RA' || LPAD(NVL(TO_NUMBER(SUBSTR(MAX(REPORT_ATTCODE), 3)), 0)+1, 3, '0') 
			FROM REPORT_ATT
		</selectKey>
			INSERT INTO report_att (
    			report_attcode, report_code, file_path, file_size, org_name, save_name, fancy_size, mime
			) VALUES (
				#{report_attcode}, #{report_code}, 'D:\A_TeachingMaterial\7.LastProject\other\attatch', #{file_size, jdbcType=NUMERIC}
				, #{org_name,jdbcType=VARCHAR}, #{save_name, jdbcType=VARCHAR}, #{fancy_size, jdbcType=VARCHAR}, #{mime, jdbcType=VARCHAR}
				
			)
	</insert>
	
	<select id="re_selectAttatch" resultType="Report_AttVO" parameterType="String">
		SELECT REPORT_ATTCODE, REPORT_CODE, FILE_PATH, FILE_SIZE, ORG_NAME, SAVE_NAME, FANCY_SIZE, MIME
		FROM REPORT_ATT
		WHERE REPORT_ATTCODE = #{report_attcode}
	</select>



</mapper>