<?xml version="1.0" encoding="UTF-8"?>
<!DOCTYPE mapper PUBLIC "-//mybatis.org//DTD Mapper 3.0//EN" "http://mybatis.org/dtd/mybatis-3-mapper.dtd">
<mapper namespace="kr.or.ddit.work.dao.IStandardDAO">
	<select id="selectType" resultType="StandardVO">
		SELECT * 
		FROM STANDARD
		WHERE STANDARD_CODE LIKE '%WLC%'
	</select>	

	<select id="selectDept" resultType="DepartmentVO">
		SELECT * 
		FROM DEPARTMENT
		
	</select>
	
	<select id="selectTeam" resultType="TeamVO">
		SELECT * 
		FROM TEAM
		
	</select>
        
    <select id="selectEmployee" resultType="EmployeeVO">
    	SELECT emp_kor, emp_code
		FROM employee
		WHERE position_code = 'PO005'
    </select>
        
</mapper>