<?xml version="1.0" encoding="UTF-8"?>
<Configuration status="WARN">
<!-- appender : 로그를 기록할 장소(매체) -->
<!-- layout : 로그를 어떤 형식으로 기록할까. -->
<!-- logger : 메시지 전달자 -->
<!-- event level : debug -> trace -> info -> warn -> error -> fatal -->
<!-- 	로그 메시지를 기록할때 사용하는 이벤트 등급에 따라 해당 로그 메시지의 기록 여부가 결정됨. -->
  <Appenders>
    <Console name="Console" target="SYSTEM_OUT">
      <PatternLayout pattern="%d{HH:mm:ss.SSS} %-5level %logger{1.} - %msg%n"/>
    </Console>
  </Appenders>
  <Loggers>
    <Logger name="org.springframework.web" level="info" additivity="false">
      <AppenderRef ref="Console"/>
    </Logger>
    <Logger name="kr.or.ddit" level="info" additivity="false">
      <AppenderRef ref="Console"/>
    </Logger>
    <Logger name="jdbc.sqltiming" level="debug" additivity="false">
      <AppenderRef ref="Console"/>
    </Logger>
    <Logger name="jdbc.resultsettable" level="debug" additivity="false">
      <AppenderRef ref="Console"/>
    </Logger>
    <Root level="error">
      <AppenderRef ref="Console"/>
    </Root>
  </Loggers>
</Configuration>